{"Pro_Key":"aklybyms","Dp_Data":[{"attr":0,"canTrigger":true,"code":"switch","defaultRecommend":false,"defaultValue":"","desc":"","editPermission":false,"executable":true,"extContent":"","iconname":"icon-dp_power3","id":1,"mode":"rw","name":"开关","property":{"type":"bool"},"type":"obj"},{"attr":128,"canTrigger":true,"code":"mode","defaultRecommend":false,"defaultValue":"cold","desc":"","editPermission":false,"executable":true,"extContent":"","id":2,"mode":"rw","name":"工作模式","property":{"range":["cold","hot","wind","dry"],"type":"enum"},"type":"obj"},{"attr":128,"canTrigger":true,"code":"work_state","defaultRecommend":false,"defaultValue":"cold","desc":"","editPermission":false,"executable":true,"extContent":"","id":3,"mode":"ro","name":"工作状态","property":{"range":["cold","hot","wind","dry"],"type":"enum"},"type":"obj"},{"attr":0,"canTrigger":true,"code":"temp_set","defaultRecommend":false,"defaultValue":"","desc":"","editPermission":false,"executable":true,"extContent":"","iconname":"icon-dp_temp","id":16,"mode":"rw","name":"目标温度","property":{"unit":"℃","min":5,"max":40,"scale":0,"step":1,"type":"value"},"type":"obj"},{"attr":0,"canTrigger":true,"code":"temp_set_f","defaultRecommend":false,"defaultValue":"","desc":"","editPermission":false,"executable":true,"extContent":"","iconname":"icon-dp_f","id":17,"mode":"rw","name":"目标温度_F","property":{"unit":"℉","min":32,"max":104,"scale":0,"step":1,"type":"value"},"type":"obj"},{"attr":0,"canTrigger":true,"code":"upper_temp_f","defaultRecommend":false,"defaultValue":"","desc":"","editPermission":false,"executable":true,"extContent":"","iconname":"icon-dp_f","id":18,"mode":"rw","name":"设置温度上限-℉","property":{"unit":"℉","min":70,"max":104,"scale":0,"step":1,"type":"value"},"type":"obj"},{"attr":0,"canTrigger":true,"code":"upper_temp","defaultRecommend":false,"defaultValue":"","desc":"","editPermission":false,"executable":true,"extContent":"","iconname":"icon-dp_c","id":19,"mode":"rw","name":"设置温度上限","property":{"unit":"℃","min":20,"max":40,"scale":0,"step":1,"type":"value"},"type":"obj"},{"attr":0,"canTrigger":true,"code":"lower_temp_f","defaultRecommend":false,"defaultValue":"","desc":"","editPermission":false,"executable":true,"extContent":"","iconname":"icon-dp_f","id":20,"mode":"rw","name":"设置温度下限-℉","property":{"unit":"℉","min":32,"max":70,"scale":0,"step":1,"type":"value"},"type":"obj"},{"attr":0,"canTrigger":true,"code":"temp_unit_convert","defaultRecommend":false,"defaultValue":"","desc":"","editPermission":false,"executable":true,"extContent":"","iconname":"icon-dp_loop","id":23,"mode":"rw","name":"温标切换","property":{"range":["c","f"],"type":"enum"},"type":"obj"},{"attr":0,"canTrigger":true,"code":"temp_current","defaultRecommend":false,"defaultValue":"","desc":"","editPermission":false,"executable":true,"extContent":"","iconname":"icon-wendu","id":24,"mode":"ro","name":"当前温度","property":{"unit":"℃","min":0,"max":50,"scale":0,"step":1,"type":"value"},"type":"obj"},{"attr":0,"canTrigger":true,"code":"lower_temp","defaultRecommend":false,"defaultValue":"","desc":"","editPermission":false,"executable":true,"extContent":"","iconname":"icon-dp_c","id":26,"mode":"rw","name":"设置温度下限","property":{"unit":"℃","min":0,"max":20,"scale":0,"step":1,"type":"value"},"type":"obj"},{"attr":0,"canTrigger":true,"code":"level","defaultRecommend":false,"defaultValue":"","desc":"","editPermission":false,"executable":true,"extContent":"","iconname":"icon-dp_direction","id":28,"mode":"rw","name":"档位","property":{"range":["low","middle","high","auto","closed"],"type":"enum"},"type":"obj"},{"attr":0,"canTrigger":true,"code":"temp_current_f","defaultRecommend":false,"defaultValue":"","desc":"","editPermission":false,"executable":true,"extContent":"","iconname":"icon-dp_f","id":29,"mode":"ro","name":"当前温度_F","property":{"unit":"℉","min":-4,"max":122,"scale":0,"step":1,"type":"value"},"type":"obj"},{"attr":0,"canTrigger":true,"code":"valve_state","defaultRecommend":false,"defaultValue":"","desc":"","editPermission":false,"executable":true,"extContent":"","iconname":"icon-tcl_function_vs2","id":36,"mode":"ro","name":"阀门状态","property":{"range":["open","close"],"type":"enum"},"type":"obj"}]}